mean radius,mean texture,mean perimeter,mean area,mean smoothness,mean compactness,mean concavity,mean concave points,mean symmetry,mean fractal dimension,radius error,texture error,perimeter error,area error,smoothness error,compactness error,concavity error,concave points error,symmetry error,fractal dimension error,worst radius,worst texture,worst perimeter,worst area,worst smoothness,worst compactness,worst concavity,worst concave points,worst symmetry,worst fractal dimension
-0.4140179896801997,1.0732176078531677,-0.42314565115968944,-0.4415450452202798,-1.274828640227969,-0.5345565107419166,-0.42633566039863874,-0.7197191732598864,-1.0418801281662007,-0.367721364310783,-0.5759036523252546,-0.26752623751852533,-0.6988012091224634,-0.4970062366836318,-0.6113372169898733,-0.14083912171034313,-0.07399123993454564,-0.4745935423877272,-0.8143270204102683,-0.14053764611550507,-0.4149674300923825,0.9106037597289404,-0.481181912870007,-0.44363240948055876,-0.4274690754232708,0.5702435912327773,0.5309330515634813,0.06139463080710457,-0.12803777871167168,0.6474719194531178
-0.07644420837820959,-0.7856843907826743,-0.04673637644618915,-0.18702144347482882,0.33717146343970406,0.4513622124342416,-0.1384242896956287,0.06033801091760914,-0.5141296216993831,0.39714706372388686,-0.4495629797247685,-1.0478807133070165,-0.439074745088975,-0.38098716129772725,-0.7556577931882195,-0.264982325827568,-0.462738005094986,-0.3926238879661118,-0.9799606590556559,-0.24028284264013933,0.08243277781359871,-0.7698320304893582,0.11082217989540846,-0.10252516563358126,0.3893856159013234,0.6253447758915056,0.006128020352693818,0.36569443373468263,-0.4951756484532898,1.0363232143627732
-0.07072261886461667,1.1913874170574021,0.0320276788352697,-0.15277539443724264,1.4901941494964155,1.2014161073187786,0.5695364223563069,0.4949890630969588,1.6717559219773714,1.3354043127389956,0.28455856165793814,0.5417302558917616,0.07682723522754395,-0.004644292793863325,0.8289949052020277,0.705936794582694,0.06827090165161397,0.7142051932919734,0.4067927017408998,1.1514687261963645,-0.03509638523591552,1.1727195815524643,-0.01885777929416288,-0.14670253691737237,2.0896864136041473,0.8908323019744679,0.2852204486114342,0.5725583391731347,1.1499737931737075,1.8684106006729468
0.1152290403271574,1.3050122335999352,0.17629026429815303,0.02280816206902619,-0.5800394861783117,0.35783928289751626,0.14336391276614335,-0.24288896572112065,0.23470555639542715,0.08253025146099653,-0.5411412779115116,-0.24475495090741356,-0.10528565654593713,-0.3867401733003341,0.017351310741417755,1.137998513715569,0.17744163204273203,-0.008401080638384273,-0.01128944821918206,0.8331483156267735,0.008977050907651853,0.9781428058429775,0.20732819603648497,-0.10886208364560047,0.07418625131411609,1.038603660831966,0.59073857190464,0.09886997599522995,0.4311891030466576,0.998253856819171
3.8199582503786544,1.5958917639488204,3.952404893555058,5.376220200605613,0.9099633784485219,1.7756468946742718,3.359251873064332,3.100580666427723,0.9086572166807558,-0.9214469538934692,8.029092276478863,0.15286674607123413,8.028921083252863,12.056305661837934,0.18082948555016362,1.5288598681632515,1.4843977414842764,2.2771993805157864,-0.4350831029601396,0.2739270513568925,4.168669928838683,0.9202521948880888,4.360102703107179,6.128656842985092,0.1496565217082353,1.0724157514180035,1.8855976285934464,2.2274695826807505,-0.41462219180112075,-0.5261519888196624
1.6057031086181455,0.5528159480883662,1.5894832351112818,1.5830349385610945,0.13409069357294162,0.5617192692875773,1.1892010483695907,1.5934474322437058,0.9835407344902365,-0.7928036351015324,0.8358972956393497,1.8659681541995037,1.1923321071213737,0.6811626796835603,-0.7432053540914595,0.44138708449882597,0.3370226430393808,1.016617510575603,1.9169145658043654,-0.1833884706152576,1.3794510414671695,1.4493080561147105,1.537301730980694,1.2148295616650433,-0.46742392445545194,0.5727481905354469,0.9124829991663769,1.6728344738964949,1.7603211378074533,-0.2591226380495351
0.29545911000533803,-0.6493346109316342,0.33257473188294295,0.07533811864362899,1.4009278770275093,1.4370938897513263,0.3013416533900833,0.9515012628711278,0.6947043086536672,0.2587156663282165,0.11934383594961001,-0.26402296265527736,-0.013468293284098678,0.014292705048051002,0.6137912141452021,0.8842910048646462,-0.015849321199332588,1.7360404969556067,0.3142663242907176,0.42732580124676306,-0.014109034691359804,-1.1766743797001045,-0.02187359229857135,-0.19269045620459754,0.2783999241452643,0.2127120407767126,-0.373567492510941,0.42565498603568325,-0.4936265435176714,-0.334717505171832
-0.3053077889219316,0.34829127831180684,-0.3336033567344512,-0.37479427167244206,1.2893450364413759,-0.5233337591975095,-0.7082463262252354,-0.5630904804922983,2.616714599097012,-0.27263717216022065,0.0793484159251958,0.1808929449772181,0.02559213197093786,-0.10699996467357657,-0.021283179789555573,-0.7653499127279991,-0.4039775553093984,-0.022725874614977232,0.99736229608342,-0.8153481092460634,-0.4233623703102048,-0.2472084593688347,-0.4766581933633943,-0.45684940990562733,-0.11670913850630532,-0.9005823492598609,-0.9061611496266234,-0.7636625688546631,0.44513104746722554,-1.0656491700090034
1.3596747595336447,0.6187183416830352,1.332463686298099,1.3392495047342088,0.4189988798695355,0.6552421988243027,0.8597745969909872,1.005511156928917,0.4878831642274817,-0.2097138097076428,1.5703926259942471,1.2476401408362328,0.8473828970768972,1.5498674920771929,0.3162098490636564,0.831706328884861,0.6388657956221889,1.0611835362805588,0.3485353529759704,0.25844313998303214,1.3605624259770688,0.8494970037210025,1.1663567314384322,1.3288940858813894,0.2961576348262343,0.5758789396637838,0.5313966602482963,0.8528739211803122,0.15235021463530263,-0.04375884394572532
-1.1990200709451655,-0.44935493381677616,-1.1871569873898433,-1.0248887618774705,0.9471576586438998,-0.5901091308867314,-0.8772457696834037,-0.7413231308830021,0.45579022802341795,0.004225622631122931,-0.6925258116487804,0.2159256936096981,-0.6622771751177541,-0.645146295750758,0.841447344298788,-0.7073441361317412,-0.7600968075625784,-0.65986087781833,0.15091728755768044,-0.4772226957564187,-1.2082892806766052,-0.390326914229532,-1.1926122006100048,-0.9730366456846788,0.40714332658229213,-0.811669074015095,-0.9942004388730268,-0.8697927464274341,0.1244663257941667,-0.551712843170367
-0.24809189378600136,-0.4129949925231655,-0.3079014018531333,-0.31036526416105076,-1.786621935716367,-1.0966293172576356,-0.5612902884355239,-0.9591630369160844,-1.1381589367783909,-0.9046673905727824,-0.8820368205495096,0.6695997884003134,-0.9889643681598761,-0.6156621092373978,-0.2626689222805946,-0.5338689164046145,-0.054507511847745445,-1.0011093032162788,-0.1323733495737415,-0.5571628893609992,-0.4695345415082285,0.3493864479718246,-0.5532598436753735,-0.48346446555610817,-0.9868369618738082,-0.6482439695159131,-0.21686775704340916,-0.96243179973248,-0.21943496991317182,-0.6506931727837341
0.22680003584222144,-0.5243473127348476,0.13815187963555167,0.0730163526071826,-0.5153214386383547,-0.6196623766203366,-0.6825290196120359,-0.5034224070570266,-0.831493101939564,-0.8095831984222202,-0.3594798374267887,-0.9641524440753895,-0.6140857413615404,-0.367323757791536,-0.42391204391812737,-0.4818263504864764,-0.5548991316008026,-0.5398509371699842,-0.6018590425617022,-0.5866903482599884,0.027865666397752367,-0.8212903513381483,-0.13044286045728257,-0.16571329095343004,-0.46742392445545194,-0.6219456768378838,-0.7166379192741766,-0.5125777560942232,-0.5943183643328832,-0.8524607677648286
0.9391379302845562,0.8664204417457574,0.8059881588904505,0.8258489899249699,-0.7102194668621341,-0.7663063301339219,-0.7382498506073015,-0.5137100059251769,-0.8635860381436268,-1.3633087880049064,0.006459566347992178,0.17213475781909793,-0.12456223004842272,0.12383964193102272,-0.4334908432233272,-0.7848658749473009,-0.6213912195160728,-0.6369412074557813,-0.7617811764262145,-0.7991440159478376,0.770817875675041,0.9363329201533354,0.6506527076845544,0.6318331045592749,-0.3697565157101203,-0.662019265680595,-0.7208103974375133,-0.47300379157556277,-0.707403024633044,-1.022141332816315
-0.960429788228335,0.25966392140863087,-0.914384627520369,-0.8812294883723414,0.8950856663703713,0.4681963397508519,-0.05772093227611208,-0.5059943067740642,-0.4927343308966737,0.8110429589675117,-0.295935712154355,0.47341639605842584,-0.3005877828211189,-0.4435511668260767,0.5805847098871756,1.2095570418530086,1.2629636254501673,0.9195272402898063,0.7426291828563752,1.3729246679387834,-0.941749928760742,-0.07032048145111881,-0.90822103429427,-0.8303654630140748,0.05198911296290427,0.004204148829480361,-0.1074561074270259,-0.41828978760089996,-0.47038996948339173,0.1667103184739066
0.2296608305990179,0.218758987453319,0.18914124173881225,0.09391224693520117,-0.022125283247645434,-0.3819270897379809,-0.25660143675152186,0.029989594256565777,-1.1381589367783909,-0.7466598359696413,-0.6230010628212939,0.7309070985071532,-0.6222021933625869,-0.417183195147462,-0.5327910626872336,-0.6412067086107741,-0.34088738817118847,0.025023438640332726,-0.13580025244226662,-0.7148827307970634,-0.03509638523591552,0.45551923472245404,-0.0821898523867441,-0.1546689481324822,-0.47630277979593694,-0.7233819485959967,-0.49410575056288863,-0.18294461981947266,-0.8359787342893914,-0.9764581037639919
0.6959703759568513,-0.21756030807000865,0.6235871887649658,0.5501392730969444,0.05151939153920294,-0.3589204490719463,-0.3744111937129406,0.000155557538929909,-1.109631882374779,-0.9633958621951881,-0.22454201846591454,0.3858345244772259,-0.2427580623136626,-0.13576502468661084,0.05534721465204434,-0.40593094185585854,-0.44016162175631296,-0.2137231276362171,-0.4385100058286647,-0.6468255389445151,0.4098354463086745,-0.031726740814526554,0.31891327719960466,0.25342857184155565,0.06530739597363111,-0.5411723493267938,-0.5112592719010505,-0.33989136546734156,-0.7972511108989253,-1.0471583392021109
1.3139020434249002,-0.4834423787795358,1.2371177246415959,1.2434766557307895,0.686797697276255,0.11467966610203051,0.6919997871810666,0.9851931491643202,0.5698984456378655,-0.09645175729300264,1.1730549485554398,0.6345670397678334,1.0513087536031904,1.2279385287646518,0.3251500617485098,-0.2454663636082663,0.02682932127651527,0.6903305366643183,-0.03756237021120918,0.278248142903086,1.2745142887443885,-0.1201707297733845,1.1693725444428407,1.2311244936959498,0.7978129615636199,-0.157968656018367,0.23468710196657916,0.8019074517244615,-0.022698643089604443,0.03346756707129678
-0.1365208982709368,0.5891758893819768,-0.18229346106217462,-0.2540624377772224,-1.2354027032208683,-0.39801303361829765,-0.5936206167492604,-0.6924570362592881,-0.6104084303115722,-0.5914488752532823,-0.22790611921563148,1.2213655793618727,-0.11746033454750691,-0.29924644909402176,-0.5260859031735936,-0.08012279480584862,-0.048322201343999414,-0.2791396867959917,-0.05469688455383558,-0.28385384906425754,-0.28904332682504524,0.7063785488603052,-0.2703765838618434,-0.37573685935178136,-1.4130220182170745,-0.5092387082177583,-0.6086170957122389,-0.7797020165951808,-0.7166976542467558,-0.7453227186778325
1.4397770127239478,1.6004367566105215,1.5563194223611931,1.4030980707364884,1.88445351956742,1.4071665522995744,1.2798239383399133,2.5347627286794574,-0.6139743121120244,1.3172264524749169,0.4486519204496938,2.962493186396127,1.5109028481624494,0.6677389850108109,0.14730368798196372,1.895326269836806,-0.3467634331497472,1.075508330257152,1.117303896481804,2.3739775428069545,0.8715571582889099,1.1373419859689213,1.0457242112620866,0.776676944834,0.305036490166718,0.1713861522826666,-0.15474419327817462,1.0522427575811393,-0.9258268205552727,0.4397219968580286
-0.16226805108210549,-1.4856132606846781,-0.24323196699046143,-0.23897095854031986,-1.6668563534872505,-1.2668410490144757,-1.058516042297013,-1.1297057071528458,-1.5731965164334702,-1.3241564735899687,-0.6525303916243661,-0.9324478065629951,-0.6663354011182774,-0.4519409759965449,-1.1959632679172445,-1.1813651740361149,-0.9439551622864303,-1.3418802354816741,-0.6829624104501333,-0.8034651074940312,-0.2533648308992998,-1.4001964608870354,-0.3361213073579515,-0.30838447362403415,-1.8689512399509651,-1.2270568683628245,-1.2183088771126862,-1.3761596106093839,-0.9939874377224927,-1.1978042254817955
-0.11649533497336108,-0.026670616278552998,-0.0869474994056715,-0.21256086987574085,-0.41638465331864993,0.2025912198665522,0.0903372757970224,-0.005759811810256355,0.1491243931845913,-0.14119725948150266,-0.6525303916243661,-0.5670562383262291,-0.5166883173489822,-0.476630985841066,-0.9909769627859651,0.1383475600380015,0.12795914801276356,0.16986302218143953,-0.5675900138764494,0.05715229212284972,-0.21768633497355433,-0.023686378181903004,-0.15758517749696005,-0.29009793878935025,-0.7826232890426599,0.3905385912662439,0.41456727167487023,0.40167076511528277,-0.25506438343240095,0.24176133763129437
2.029100732624031,0.8618754490840561,1.8921030264558347,2.1924985231283087,-0.14040309426894637,-0.03121610397526098,0.2511316738119319,0.9767058800980959,-0.13258026905107484,-1.4038593993632342,1.0941854754231837,-0.16067635418946158,0.7510000295644697,1.3123160381362187,-0.7521455667763126,-0.7019230355152684,-0.4763456882032275,-0.20576490876033213,-1.136455890051643,-0.6518668124150743,2.726838946427675,1.5988588010815075,2.4541088843209202,3.1611686653566613,0.3449913391988998,0.035511640112848596,0.18044488584320278,1.3040770772453414,-0.13423419845414644,-0.47231104029371057
2.1435325228958915,0.7141631875787634,2.0910859029563635,2.4101640890451708,1.1033736354644867,0.22503672295536642,1.8945900297602065,2.3290107513164515,-0.2859131864704882,-0.9214469538934692,2.9044454677431673,0.06528487449003416,2.460527732284891,2.8634718993390873,1.0269567575094938,0.18280058509307778,0.6008261360241505,2.0480026768902984,-1.1010445604102153,0.15905803442058056,1.9461095061701856,0.12104014920531866,1.7936458363554284,2.0965664393374324,0.38494618823108034,-0.2694233249871579,0.6218003537872572,1.6143729354030192,-1.314652159395552,-0.6958325538711486
1.0106577992044692,0.9277778426787252,1.1376262863913313,0.9634136275844267,-0.24380319321209679,1.8055742321260237,1.523526034341185,1.333685560822911,-0.3928896404840325,1.519979509266558,1.980812917459731,0.4313770976994499,1.5109028481624494,1.573838375421388,-0.10142580064306177,2.423883579942896,1.0316330126100641,1.8203976170399876,-0.4624983259083417,2.701660318393298,1.1318003050414067,0.5182340632569169,1.1150879103634848,1.0283431173113347,-0.5162576288281181,1.403649009196039,1.1122983423217208,1.2845898977475163,-0.941317869911459,2.0913882662854766
-0.8374156136860846,-1.1765537596889881,-0.8422533347889276,-0.7660118488136822,-1.7427326850858218,-0.8085786942845217,-0.5405939797801395,-0.8650315072725092,-0.414284931286741,-0.2782303599337829,0.08682419536901155,-0.717346729959568,0.25741829225082874,-0.24938701173809585,-0.49256010560539376,0.4516871756701239,0.38650512706934925,0.48341684589130857,1.1698497404658579,0.37223188403279556,-0.8515043214191507,-1.5803005838578008,-0.8144292498571615,-0.7523308440660665,-1.9395381399078189,-0.8060337255840889,-0.7254464842856652,-1.1195284467611013,-0.5153140126163326,-0.7485858064672837
-0.08502659264859949,-1.3583534661570413,-0.14498417171832528,-0.1910845340386102,-0.3114967831676839,-0.7792124944099899,-0.9621128815069623,-0.7503247798926336,-0.7637413477309856,-0.5173391372535798,-0.6723412071504778,-0.9180843796236783,-0.6815537486202394,-0.5154638168586622,-0.8734770246421788,-0.9424572698681625,-0.8746178315394368,-0.7709576133256846,0.0869484340118754,-0.7184836404188916,-0.3163268825329684,-1.4018045334135605,-0.3756284577157047,-0.37646107855315497,-0.6805164526270852,-0.9212452935068838,-1.1092217535756737,-0.8377138509463988,-0.13268509351852795,-0.8704077506068126
0.9734674673661137,1.234564847343565,1.0174074651722618,0.9753126785212153,0.6496034170808772,1.055520337241487,1.5516926082508797,1.4391334492214516,-0.9562989649553658,0.11608937810237205,2.575511172215275,0.3350370389601297,2.290082240262914,1.9909317456103839,-0.29044744026567454,0.5855883608969998,0.4294930350703845,0.6393979358586542,-1.0656332307687875,0.47629817210362346,1.4613017085909386,1.0746271574344584,1.467938031879296,1.4320953220771309,0.2340056474428407,0.8056759256837065,0.9848059539975454,0.8723611006781373,-1.1597416658336877,0.49247524945416365
-0.6800719020622762,1.1800249354031493,-0.6295903855289874,-0.7027437243205145,2.040669496388007,0.9601269491140273,-0.5393693461318918,-0.07803019385901212,1.1582689427123594,1.5703181992286204,-0.3860188544523346,1.3299671001225606,-0.33711181682582825,-0.4385172813237957,1.850733497756691,0.5102350623280294,-0.4299558594251319,0.952951759568523,-0.5915783339561265,0.7298022094803113,-0.6710131067359674,1.0521141420631128,-0.6184014045706,-0.6904101023486217,1.9742612941778463,0.44313517662230256,-0.6355063994315194,0.2532683981703065,-0.16366719223090082,0.8568533859429321
-0.6486031597375141,-0.45162743014762635,-0.6756051757197346,-0.6287374319087813,-0.3940680852014226,-0.777154989960182,-0.7429034584706424,-0.8220807819979818,0.14555851138414022,-0.367721364310783,-0.2062263588285659,-0.13790506757834978,-0.30312417407144593,-0.3399969507791536,-0.5174649837989136,-0.3197354420539424,-0.363773037035049,-0.9987218375535132,-0.6863893133186586,-0.26152820940892424,-0.5723725591765537,-0.1861017033608967,-0.6220203801758905,-0.5558863856934707,-0.351998805029151,-0.5117433075204276,-0.6104715304514996,-0.9045698667620145,-0.20084571068574844,-0.14872150117308708
-0.6743503125486828,-0.8629492660315968,-0.685139771885385,-0.6624030394372559,1.4009278770275093,-0.5809438837921322,-0.6017031988276945,-0.40749054761152514,0.7232313630572788,0.313249247120451,-0.2032360470510395,-0.8394358589437607,-0.23717800156294305,-0.352701518951577,0.7830166685370679,-0.7897448655021263,-0.4961386818152148,-0.07365847542064134,-0.14265405817931728,-0.2510855715056232,-0.6542232263003225,-1.2040116126510239,-0.6775113394570095,-0.6384473746500641,0.6069175717431985,-0.8943208510031873,-0.7782978743545959,-0.5286172038347409,-0.22253317978440876,-0.3200336101192992
0.5929817647121767,-0.9970265495517859,0.5282412271084627,0.43956516561117837,-0.09056275880713985,-0.3527479357225225,-0.4187429317795036,-0.07880176377412346,-0.25382025026642546,-0.5690761241590332,-0.5990785686010835,-1.0186283681988957,-0.5547341861038877,-0.417422903980904,-0.9980014156097785,-0.7089704663166829,-0.44047088728150025,-0.4656803372467362,-0.6601163913266317,-0.7836601045739774,0.32168857402153905,-0.9756653138845184,0.27970770814229245,0.14280408883173432,-0.5206970564983605,-0.5142479068230972,-0.21130445282562693,-0.015055073376671052,-0.2023948156213669,-0.7518488942567356
-1.2384990385889574,-1.6537779891676272,-1.2568009941650284,-1.0449139939418217,-0.27281473176449156,-1.1755626697866317,-1.0922914383156819,-1.243357955648736,0.3452478922094226,0.19579230387563767,-0.7482203685052077,-1.2659595735442042,-0.8139533718873108,-0.6468242575848516,-0.33323274382890095,-1.0778221522614861,-1.006736063899453,-1.8578911473940574,0.22745145162141092,-0.20787465604368766,-1.166314579587493,-1.856889058420047,-1.2091991721342523,-0.9525774532458741,-0.3963930817315746,-1.141399572211529,-1.2822405147487,-1.707441662072412,0.3041624983259292,-0.13240606222582907
0.1524193721655119,0.9186878573553228,0.1000134949729503,0.04689648469715914,-0.6953417547839836,-0.7015884628945079,-0.06482380743594811,0.11229038520176812,-0.6389354847151839,-1.2108944211753285,0.06252791217661034,0.7151423616225374,0.046390540223619506,-0.14942842819280208,0.39220165688490954,-0.44008387573963653,0.04136480096031869,0.6505394422848934,-0.38596416184461085,-0.33354640184548334,-0.08126855643393957,0.9749266607899283,-0.13345867346169105,-0.20065686741970737,-0.050117723452669856,-0.6025350322421955,-0.042087282868085066,0.3297181023540821,-0.668675401242578,-0.8475661360806508
-1.0233672728778587,0.009689325015057638,-1.0010250883299743,-0.9067689147732532,0.2769167295231927,-0.33834540457386697,-0.7255136606655265,-0.9344727996325237,1.464934777551186,0.27829182353568543,-0.16436199394319775,0.5522400804815056,-0.2640637488164096,-0.38626075563345025,0.1632683534906305,-0.1814973763338883,-0.1160513513600189,-0.4868491994565902,0.7220677656452237,-0.12469364377946199,-0.9732309545775764,-0.3758542614908098,-0.9772831520952281,-0.8441256278401735,-0.4629844967852101,-0.662019265680595,-0.9119562581868133,-1.22730753952215,-0.12803777871167168,-0.4581709932060861
-1.3729563921583936,-1.4492533193910677,-1.246437302680626,-1.1604218542550366,5.001334199940078,2.2451320009486326,0.0992771014292298,0.10740377573939666,2.0390417474238736,4.502546889518754,0.03225100542915658,-0.22023202686467758,0.09711836523016001,-0.4603307851670133,0.8618821161498812,1.077824296872722,0.0704357603279251,1.6246254326932168,0.5301612050078094,2.395583000537922,-1.2376715714389839,-1.4902485223724184,-1.1332006844231546,-1.0298878529925084,2.5691446019903226,0.5621036434991019,-0.3091258853216306,-0.17095250935927261,0.20037246763948038,2.243665696459888
0.35839659465486173,-0.44935493381677616,0.48264098457709176,0.18794377141128557,2.777116244256488,2.3293026375316854,1.905611732594435,1.9509414929119286,2.110359383432903,1.8373929154162285,0.9727040594611778,-0.2797876995398935,0.6282386930486411,0.48460143626116,0.9790627609834938,1.1027613597084962,0.5343340481088803,1.52753516240742,-0.22147282415539823,1.7510201782307184,0.3258860441304502,-0.4803789757149143,0.3973244153142291,0.10822262196614367,1.9609430111671182,1.2270747583578423,0.7710823502977462,1.6338601149008443,0.5411755534755811,1.9119184378656353
-0.9289610459035735,1.127757519793584,-0.9396720347423111,-0.83276262236152,-1.059845700698685,-0.7079480221030053,-0.9027181495669537,-1.03349093873847,0.6055572636423803,0.06435239119691967,0.45089465428283826,1.2248688542251207,0.376121402766134,-0.14966813702624399,0.37655628468641617,-0.3706937878487858,-0.6118039882352664,-0.9161155256218269,0.44334633233850274,-0.29537675985410694,-0.6605194314636895,0.9331167751002861,-0.6853524532684717,-0.6580012930871518,-0.5295759118388456,-0.5699752413074926,-0.9950812953741756,-1.2181635552962473,0.23290367128747172,-0.41792624380284954
1.860313841973036,-0.335730117274243,1.713847532924112,1.966126334574772,-0.8500699603967551,-0.47189614795231055,-0.028084797988520174,0.5613440757965281,0.020752648368338497,-0.8599218883842824,0.5402302186364366,-0.8492450285608552,0.29191321325527647,0.8350557507532932,-0.5934567916201668,-0.6753596424945522,-0.43150218705106846,0.27491151134312164,-0.7869117974620663,-0.0955262758426556,1.849567693665227,-0.35977353622556274,1.5734914870335983,1.9680175310936137,-0.3786353710506053,-0.4240823319269968,-0.16216193223521752,1.0807240199241142,-0.2457697538186884,0.2760237594205371
-0.5942480593583803,1.2822872702914292,-0.5781864757663511,-0.6014566809805345,0.5082651523384416,-0.21863605476685852,-0.4259682703041644,-0.1441280165868778,0.049279702771950123,0.7942633956468249,-0.5108643711640577,-0.02580027195441382,-0.48574434409499245,-0.4759118593407401,0.394756003366296,-0.2866667282934589,-0.2849103281122866,0.7921957382756465,0.018410376641370185,-0.0443933592126986,-0.6710131067359674,0.7578368697090951,-0.6678607378429017,-0.6429737446586492,-0.05455715112291296,-0.45163292425636076,-0.5362941408810704,0.094372934572655,-0.4796845990971034,-0.07802126573496805
-0.40543560540980983,-0.24483026404021602,-0.3675962648032918,-0.47288888671230783,0.8504525301359178,0.5523669763339047,-0.11050264251558344,0.06162396077612796,-0.5890131395088638,0.7998565834203872,-0.6226272738491031,-1.0256349179253919,-0.5714743683560463,-0.4996430338514934,-0.4405152960471406,-0.02808022888771067,-0.19151213950572088,-0.2153147714113943,-0.3642604436772839,-0.08436345601498887,-0.3771901991121811,-0.5623906745676737,-0.34185135206632783,-0.42607009384724825,0.9309957916708909,0.8131897235917147,0.37840579425928605,0.40167076511528277,0.4978006152782596,1.052638653310032
1.7716292045123443,0.859602952753206,1.693120149955307,1.7861894667501659,-0.40076305563659115,0.5130873459284803,0.7017968563670474,0.9898225686549877,1.0298971978961056,-0.8850912333653136,1.3405124080969129,0.5084491446909054,0.878326870330887,1.1656142320697447,-0.3408957832730611,0.5031876315266146,0.3020756386932155,0.1619048033055546,0.6615258149679442,0.22099367991602145,1.6879650944721447,0.9556297904716318,1.4920645359145646,1.5950446423861966,-0.5917278992222386,0.6234663264145034,0.6176278756239204,0.6505070571644351,1.2088397807272162,-0.014391053840660452
-0.8603019717404569,-0.4834423787795358,-0.8418387871295513,-0.818541805388285,1.728237542746834,0.06043636697072984,-0.5947227870326832,-0.14567115641710027,0.5271078640324476,2.3687457539046646,-0.8263422636930823,-0.33058518505698936,-0.76322554688077,-0.6458654222510838,1.767717237111624,-0.11156517838139038,-0.45005811856230665,0.18737110370838664,0.16234029711943124,1.6260686143532883,-0.941749928760742,-0.7891289008076546,-0.9211890302132274,-0.8290980794116708,1.503681961132155,-0.32076761069188164,-0.69994800662083,-0.28127992559311354,-0.1992966057501291,1.7868334059366553
1.411169065155982,-0.07666553555726732,1.320027256516816,1.4205113160098373,-1.041248560600996,-0.4412206270642646,0.04306641697466514,0.2038500151283057,0.4985808096288359,-1.7310608841166402,1.0863359070071772,0.2159256936096981,1.2141450718741862,1.0064475666642887,-0.8479335598283125,0.09606297522951439,0.24269665785725308,0.3083360306218386,-0.05469688455383558,-0.4001632298493004,1.2892054341255779,0.013299289928164884,1.253815308566282,1.2112084656581752,-1.3419911754931972,-0.17487470131138586,0.20455253745359223,0.11835715549305528,-0.10480120467739203,-1.008001285728691
0.1924704987606634,1.4027295758265146,0.13027547410740584,0.05821509412483591,-0.9981031955743581,-0.5934759563500536,-0.5895793257100433,-0.4648439113014631,0.12059733878097967,-0.8417440281202037,-0.35835847051021646,0.29124610316952987,-0.32747353007458546,-0.2836653749202949,-0.7371387811981662,-0.749086610878581,-0.40459608635977296,0.1619048033055546,-0.23746503754184922,-0.4217686875802682,0.06984036748686528,1.0681948673283599,0.023363602767558223,-0.07717749358550437,-1.1688534963537451,-0.7308957465040051,-0.53536692351144,-0.06602154283252154,-0.2891446920160108,-0.782304380291618
1.868896226243426,2.291275641189123,2.0123218476749045,1.789091674295724,1.6092158461216248,3.238345512628656,3.211071201626373,2.6659296142483733,2.106793501632451,1.0263806882496675,1.2223950928846237,0.6590899638105694,1.4961917789105526,1.1260622745518225,-0.1793333683253549,1.953874156494712,1.1943066788585859,0.7906040945004691,0.2811395965616402,0.8597950468283004,2.006972822749398,2.2147505787404627,2.351571242171026,1.723593550630015,1.4504088290892476,3.8431287299960895,3.069654209611424,2.264944927868876,1.825383545103436,2.1784039406708544
-0.49412024287050216,-1.5856030992421075,-0.5230516370693297,-0.5225166357413524,-0.45655447592965787,-0.7631265505296732,-0.7300448051640427,-0.5625761005488907,-0.4178508130871931,-0.6627620193662045,-1.0554749036460351,-1.2664850647736914,-1.0405038383665215,-0.7260480270374167,-1.0864456625277916,-0.8873788876047998,-0.7366854073058995,-0.9442876204424597,-1.083910046067589,-0.8754832999305902,-0.5387927983052638,-1.0255155622067835,-0.5852274615221051,-0.5506357964835119,-0.13890627685751714,-0.29384316818818496,-0.45191736024470697,-0.10349688802064692,0.31190802300402237,-0.4364170746097419
-0.9918985305530972,-0.06757555023386486,-0.9235046760266431,-0.8768761770540042,0.05300716274701747,0.2025912198665522,-0.3101179271799418,-0.5638620504074096,0.412999646418001,0.2922747929695901,0.19260647449900437,-0.038061733975781616,0.3081461172573695,-0.2910963487569954,0.12335668971896396,0.5568565276296947,0.030540507578762973,0.31470260572254666,1.6290547248482432,-0.1725857417497737,-0.9018739627260851,-0.4353529449722229,-0.8548411441162372,-0.8042935717646241,-0.4896210628066638,-0.017711095068877403,-0.39396627464280914,-0.5193233182280859,0.04856018394885299,-0.43913631443428464
0.05515235043443019,-0.24483026404021602,-0.013987111355477498,-0.044813273742478864,-2.261964836613296,-0.9664453993425139,-0.7891946103744015,-0.8899789345277737,-0.6104084303115722,-0.9731839407989226,-0.631598209181682,-0.9629262978732526,-0.5892291071083354,-0.4478659258280318,-1.2499238373365376,-0.6379540482408905,-0.6730385622223524,-1.0233923160687566,-1.1136098709281412,-0.6626695412805582,0.008977050907651853,-0.06228011881849526,-0.02488940530298024,-0.08930816520851247,-1.6816073922667374,-0.2356112344011201,-0.5566929230129384,-0.5786842650060763,-0.42236771647921395,-0.390733845557419
-1.4845273876734582,-0.853859280708194,-1.443347440884274,-1.1827688523558344,-0.984713254704022,-0.5029457605585033,-0.5141418929779914,-0.6309886330220902,0.44152670082161266,0.47405339561037235,0.5200456141381342,-0.032806821680909815,0.7378107950627691,-0.21726602805687434,1.2281115429186933,0.18713746558625577,-0.012756665947459464,0.5391243780225035,0.8671399870794598,0.13565212187869888,-1.3004237495672069,-1.2779829488711596,-1.2471984159898013,-1.0266288665863272,-1.368627741514651,-0.8110429241894278,-0.8445475554146856,-0.9936112869290004,-0.7352869134741796,-0.5239765969600281
3.7627423552427235,0.595993378374529,3.753422017054529,4.647766106670514,0.9843519388392775,1.6372329589599182,2.4236317658031683,3.586669712947824,-0.02203793323707943,-0.7158973032150479,1.6339367512666805,0.45940329660543383,1.5205411349136921,2.1443453990132326,-0.783117017863126,-0.00910637673005621,-0.0452295460921264,0.1173387776005985,-0.5744438196135001,-0.37819768115614993,3.555839292937643,1.1582469288137427,3.4432955497669537,4.249308015420534,0.6601907037861071,0.9334104901198486,1.193429862164378,2.3219074525548256,-0.08156463064311238,-0.16993157180452295
0.1009250665431746,-0.6152471659688746,0.1074753528417204,-0.02130539262345768,0.0998719557931939,0.18762755114067625,-0.11172727616383106,-0.1572447051437695,0.37734082841348626,0.18180933444173106,-0.18641554330245408,-0.7849599348202545,-0.07383440504188199,-0.1702830967022518,-0.8003588566124857,0.2706224150799357,0.18084355281979234,0.12052206515095265,-0.2340381346733241,-0.15278073882972001,0.10342012835815517,-0.6653073162652532,0.14399612294390374,-0.012540929862908227,-0.1300274215170334,0.5182731557023863,0.4586100967323126,0.41216386176795794,0.22360904167376006,0.2009727402631486
0.301180699518931,-0.5834322173369652,0.299410919132855,0.1975210563116277,-0.5510279476259169,-0.14942908690968162,-0.1676930338887463,-0.19428006106911047,-0.7566095841300834,-0.4138651634426741,-0.47797094161126835,-1.5005038256386576,-0.4304510148378631,-0.3069171317641642,-0.5145913440073535,-0.34413039482806973,-0.37614365804254113,-0.543193389097856,-0.6338434693346046,-0.3299454922236554,0.33428098434827247,-0.8695325271338891,0.33399234222164786,0.2181228857745914,0.7445398295207125,0.4932271626756918,0.26018557963141425,0.16932362494890577,0.7843850283677086,0.7317683540139521
-0.5255889851952638,0.07104672594802544,-0.5396335434443733,-0.5442831923330387,-0.022869168851552702,-0.43018492137893116,-0.5795373297944131,-0.1870787418614052,0.6162549090437345,-0.3761111459711264,-0.17034261749825033,0.18789949470371411,-0.2610200793160173,-0.28774042508880815,0.1374055953665905,-0.42002580345868756,-0.5734550631120406,-0.04341724369227821,-0.6566894884581064,-0.16538392250611794,-0.3645977887854477,0.4362223644041576,-0.43654788040475906,-0.4175605182311083,0.46929531396568575,-0.3138799626095407,-0.6438513557581929,-0.08850674994539677,-0.37279635853941767,-0.11989755903293138
0.25540798341018706,-0.033488105271104435,0.22686507874203732,0.11248637522677335,-0.4647372175726409,-0.1054733100274209,-0.36485905125660933,-0.003959482008330217,0.2596667289985877,-0.6012369538570167,-0.4159219722275976,-0.4742194544501573,-0.330517199574978,-0.34455141861455063,-0.5592924074316201,-0.2378768227452046,-0.5317042172117548,0.031390013741040744,-0.6349857702907797,-0.35371149572771987,0.01527325607101894,0.08727062614830065,0.07463242384250472,-0.10723259044250986,-0.045678295782427984,0.30475606514981507,-0.4458904473421096,0.5245898973323341,0.08264049253246365,0.042169134509834935
-1.3248950402442123,-0.2107428190774564,-1.3156667617964348,-1.0736458486428475,0.35204917551785564,-0.8287796470644543,-0.7604157196405831,-0.8817488554332535,-1.0704071825698123,0.9466777624764019,0.40716134453651637,0.04952013760541835,0.22545976249670804,-0.21007476305361578,-0.0790752689309286,-0.8975163457576038,-0.2805806107596643,-0.8129770089903574,-0.15521936869724312,-0.3904407738703649,-0.8724916719637067,-0.10087385945508809,-0.9299348879260122,-0.7774974613138,0.043110257622419296,-0.9356467394972332,-0.7518721793201305,-0.9501398865107747,-0.7043048147618067,-0.14056378169945807
-1.1063303208249582,-0.40163251086891205,-1.098858335942734,-0.9500118072020698,-1.1625019140379282,-0.8379448941590535,-0.38518796981751946,-0.967907495954012,0.5627666820369623,0.046174530932840865,-0.15800758141595425,1.2318754039516167,-0.038324927537303585,-0.3944108559704766,-0.7674716456646327,0.30694378921030263,0.7789630785320374,-0.1532406641794911,0.5507226222189608,0.2937320542769461,-0.9858233649043098,-0.18931784841394603,-0.9416965586432059,-0.842496134637083,-1.6452040853707506,-0.7177466001649906,-0.38979379647947243,-1.1721438314052297,-0.062975371415689,-0.31840206622457323
1.1393935632603125,-0.7038745228720505,1.1873720055164636,1.0374199199961598,0.7686251137060864,2.071179352010324,0.969991625333271,1.5342937387518416,1.23315246052184,0.5467648366666836,2.1740618160823684,-1.1704953335206965,1.7696147556958068,2.2905677874128236,0.27342454550042977,1.780941046829232,0.4338227524230068,1.4368114672223309,0.5861339518603883,1.1727140929651496,1.3038965795067674,-1.0834061731616722,1.3111157556500463,1.3415679219054277,0.6868272698075608,1.9352502111876313,0.47298196596158326,1.4434853613451677,1.3048842867355719,1.460524626991489
